<BackupInst xmlns="http://www.microsoft.com/GroupPolicy/GPOOperations/Manifest"><GPOGuid><![CDATA[{415214E5-54AB-4E4B-9051-314C4E3D6FAB}]]></GPOGuid><GPODomain><![CDATA[MTossen.dk]]></GPODomain><GPODomainGuid><![CDATA[{43506adb-6bca-4d67-abf5-d52905441d92}]]></GPODomainGuid><GPODomainController><![CDATA[DC01.MTossen.dk]]></GPODomainController><BackupTime><![CDATA[2021-07-08T11:43:03]]></BackupTime><ID><![CDATA[{6BCBC833-D657-4F04-AEE7-EEA92CA99395}]]></ID><Comment><![CDATA[0-0-0]]></Comment><GPODisplayName><![CDATA[PRTNMITR_SpoolerDisable-RemoteDisable-PAPDisable]]></GPODisplayName></BackupInst>
