<BackupInst xmlns="http://www.microsoft.com/GroupPolicy/GPOOperations/Manifest"><GPOGuid><![CDATA[{57F79C8B-4A34-4FAC-8702-F2F8116FD75F}]]></GPOGuid><GPODomain><![CDATA[MTossen.dk]]></GPODomain><GPODomainGuid><![CDATA[{43506adb-6bca-4d67-abf5-d52905441d92}]]></GPODomainGuid><GPODomainController><![CDATA[DC01.MTossen.dk]]></GPODomainController><BackupTime><![CDATA[2021-07-08T11:37:01]]></BackupTime><ID><![CDATA[{77F9D898-8EB1-437D-B1C2-91E04E14996D}]]></ID><Comment><![CDATA[1-0-0]]></Comment><GPODisplayName><![CDATA[PRTNMITR_SpoolerEnable-RemoteDisable-PAPDisable]]></GPODisplayName></BackupInst>
