<BackupInst xmlns="http://www.microsoft.com/GroupPolicy/GPOOperations/Manifest"><GPOGuid><![CDATA[{06793BD1-B7BF-4CBF-871E-83014894243A}]]></GPOGuid><GPODomain><![CDATA[MTossen.dk]]></GPODomain><GPODomainGuid><![CDATA[{43506adb-6bca-4d67-abf5-d52905441d92}]]></GPODomainGuid><GPODomainController><![CDATA[DC01.MTossen.dk]]></GPODomainController><BackupTime><![CDATA[2021-07-08T11:29:09]]></BackupTime><ID><![CDATA[{23E036C2-B247-4717-9A43-41F3212F8DC0}]]></ID><Comment><![CDATA[1-1-1]]></Comment><GPODisplayName><![CDATA[PRTNMITR_SpoolerEnable-RemoteEnable-PAPEnable]]></GPODisplayName></BackupInst>
