<BackupInst xmlns="http://www.microsoft.com/GroupPolicy/GPOOperations/Manifest"><GPOGuid><![CDATA[{A8B386CA-904F-42E7-96BB-9FA6993EA8C7}]]></GPOGuid><GPODomain><![CDATA[MTossen.dk]]></GPODomain><GPODomainGuid><![CDATA[{43506adb-6bca-4d67-abf5-d52905441d92}]]></GPODomainGuid><GPODomainController><![CDATA[DC01.MTossen.dk]]></GPODomainController><BackupTime><![CDATA[2021-07-08T11:29:38]]></BackupTime><ID><![CDATA[{D73E9B1F-1906-4382-A650-B4C1DC7B5E7E}]]></ID><Comment><![CDATA[1-1-0]]></Comment><GPODisplayName><![CDATA[PRTNMITR_SpoolerEnable-RemoteEnable-PAPDisable]]></GPODisplayName></BackupInst>
