<BackupInst xmlns="http://www.microsoft.com/GroupPolicy/GPOOperations/Manifest"><GPOGuid><![CDATA[{0D6A9E89-CF6D-41B2-BA70-D595ED2838E0}]]></GPOGuid><GPODomain><![CDATA[MTossen.dk]]></GPODomain><GPODomainGuid><![CDATA[{43506adb-6bca-4d67-abf5-d52905441d92}]]></GPODomainGuid><GPODomainController><![CDATA[DC01.MTossen.dk]]></GPODomainController><BackupTime><![CDATA[2021-07-08T11:39:10]]></BackupTime><ID><![CDATA[{9EB906D5-2E15-4091-A790-450E03449E1B}]]></ID><Comment><![CDATA[0-1-1]]></Comment><GPODisplayName><![CDATA[PRTNMITR_SpoolerDisable-RemoteEnable-PAPEnable]]></GPODisplayName></BackupInst>
