<BackupInst xmlns="http://www.microsoft.com/GroupPolicy/GPOOperations/Manifest"><GPOGuid><![CDATA[{DC7CFA62-525B-4BB6-93E9-5CAF95AFA768}]]></GPOGuid><GPODomain><![CDATA[MTossen.dk]]></GPODomain><GPODomainGuid><![CDATA[{43506adb-6bca-4d67-abf5-d52905441d92}]]></GPODomainGuid><GPODomainController><![CDATA[DC01.MTossen.dk]]></GPODomainController><BackupTime><![CDATA[2021-07-07T10:12:45]]></BackupTime><ID><![CDATA[{041E0E9E-BFCE-457A-9B87-11335E8998C1}]]></ID><Comment><![CDATA[]]></Comment><GPODisplayName><![CDATA[PrintSpoolerEnableAndRemotePrintingEnable]]></GPODisplayName></BackupInst>
