<BackupInst xmlns="http://www.microsoft.com/GroupPolicy/GPOOperations/Manifest"><GPOGuid><![CDATA[{56980521-2893-4193-9277-E44D6FF36D0F}]]></GPOGuid><GPODomain><![CDATA[MTossen.dk]]></GPODomain><GPODomainGuid><![CDATA[{43506adb-6bca-4d67-abf5-d52905441d92}]]></GPODomainGuid><GPODomainController><![CDATA[DC01.MTossen.dk]]></GPODomainController><BackupTime><![CDATA[2021-07-08T11:40:29]]></BackupTime><ID><![CDATA[{CA478F98-53BD-4C7C-920E-4C76F2E0485C}]]></ID><Comment><![CDATA[0-1-0]]></Comment><GPODisplayName><![CDATA[PRTNMITR_SpoolerDisable-RemoteEnable-PAPDisable]]></GPODisplayName></BackupInst>
