<BackupInst xmlns="http://www.microsoft.com/GroupPolicy/GPOOperations/Manifest"><GPOGuid><![CDATA[{EF611DA7-7314-4A98-BFFF-683E30502018}]]></GPOGuid><GPODomain><![CDATA[dr.lan]]></GPODomain><GPODomainGuid><![CDATA[{68ea6b04-b69b-4d1e-83ee-201c6e6b4bcb}]]></GPODomainGuid><GPODomainController><![CDATA[drfp01.dr.lan]]></GPODomainController><BackupTime><![CDATA[2021-07-05T07:38:40]]></BackupTime><ID><![CDATA[{5B46EE9F-4746-4A41-910C-C4335DA0B84C}]]></ID><Comment><![CDATA[]]></Comment><GPODisplayName><![CDATA[PrintSpoolerEnable]]></GPODisplayName></BackupInst>
