<BackupInst xmlns="http://www.microsoft.com/GroupPolicy/GPOOperations/Manifest"><GPOGuid><![CDATA[{3353B70B-ACDA-49A0-B007-8F50F7AB65FC}]]></GPOGuid><GPODomain><![CDATA[dr.lan]]></GPODomain><GPODomainGuid><![CDATA[{68ea6b04-b69b-4d1e-83ee-201c6e6b4bcb}]]></GPODomainGuid><GPODomainController><![CDATA[drfp01.dr.lan]]></GPODomainController><BackupTime><![CDATA[2021-07-05T07:38:35]]></BackupTime><ID><![CDATA[{508977A2-4737-430C-83B8-6DA9497ADA03}]]></ID><Comment><![CDATA[]]></Comment><GPODisplayName><![CDATA[PrintSpoolerDisable]]></GPODisplayName></BackupInst>
