<BackupInst xmlns="http://www.microsoft.com/GroupPolicy/GPOOperations/Manifest"><GPOGuid><![CDATA[{97FE2427-F6DC-4FED-A44D-005BB04ECECC}]]></GPOGuid><GPODomain><![CDATA[MTossen.dk]]></GPODomain><GPODomainGuid><![CDATA[{43506adb-6bca-4d67-abf5-d52905441d92}]]></GPODomainGuid><GPODomainController><![CDATA[DC01.MTossen.dk]]></GPODomainController><BackupTime><![CDATA[2021-07-08T11:35:51]]></BackupTime><ID><![CDATA[{2885612A-32D1-4CAA-B730-F5C9C6F1B2E7}]]></ID><Comment><![CDATA[1-0-1]]></Comment><GPODisplayName><![CDATA[PRTNMITR_SpoolerEnable-RemoteDisable-PAPEnable]]></GPODisplayName></BackupInst>
