<BackupInst xmlns="http://www.microsoft.com/GroupPolicy/GPOOperations/Manifest"><GPOGuid><![CDATA[{ECE15DAC-B72C-4BC7-B153-2DCB47062AB6}]]></GPOGuid><GPODomain><![CDATA[MTossen.dk]]></GPODomain><GPODomainGuid><![CDATA[{43506adb-6bca-4d67-abf5-d52905441d92}]]></GPODomainGuid><GPODomainController><![CDATA[DC01.MTossen.dk]]></GPODomainController><BackupTime><![CDATA[2021-07-08T11:41:45]]></BackupTime><ID><![CDATA[{96599A76-E0AA-45D7-B1C2-577F974E7D6A}]]></ID><Comment><![CDATA[0-0-1]]></Comment><GPODisplayName><![CDATA[PRTNMITR_SpoolerDisable-RemoteDisable-PAPEnable]]></GPODisplayName></BackupInst>
